what,kind,bundleId,bundleVersion,description,time
stopped,bundle,org.eclipse.rse.subsystems.shells.local,2.1.100.v200905272300,"org.eclipse.rse.subsystems.shells.local",1327388174244
stopped,bundle,org.eclipse.rse.connectorservice.local,2.1.100.v200905272300,"org.eclipse.rse.connectorservice.local",1327388174244
stopped,bundle,org.eclipse.rse.subsystems.files.ssh,2.1.100.v200905272300,"org.eclipse.rse.subsystems.files.ssh",1327388174244
stopped,bundle,org.eclipse.rse.subsystems.shells.ssh,2.1.100.v200905272300,"org.eclipse.rse.subsystems.shells.ssh",1327388174244
stopped,bundle,org.eclipse.rse.subsystems.terminals.ssh,1.0.1.v200908051630,"org.eclipse.rse.subsystems.terminals.ssh",1327388174244
stopped,bundle,org.eclipse.rse.connectorservice.ssh,2.1.100.v200905272300,"org.eclipse.rse.connectorservice.ssh",1327388174244
stopped,bundle,org.eclipse.rse.connectorservice.telnet,1.2.1.v200908051630,"org.eclipse.rse.connectorservice.telnet",1327388174244
stopped,bundle,org.eclipse.rse.efs,2.1.200.v201005262000,"org.eclipse.rse.efs",1327388174244
stopped,bundle,org.eclipse.rse.subsystems.files.ftp,2.1.100.v200905272300,"org.eclipse.rse.subsystems.files.ftp",1327388174244
stopped,bundle,org.eclipse.rse.subsystems.shells.core,3.1.100.v201003010830,"org.eclipse.rse.subsystems.shells.core",1327388174245
stopped,bundle,org.eclipse.rse.subsystems.files.core,3.2.1.v201008191400,"org.eclipse.rse.subsystems.files.core",1327388174245
stopped,bundle,org.eclipse.rse.subsystems.processes.shell.linux,1.1.100.v200905272300,"org.eclipse.rse.subsystems.processes.shell.linux",1327388174245
stopped,bundle,org.eclipse.rse.subsystems.processes.core,3.1.100.v201003010830,"org.eclipse.rse.subsystems.processes.core",1327388174245
stopped,bundle,org.eclipse.rse.terminals.ui,1.0.100.v201006041352,"org.eclipse.rse.terminals.ui",1327388174245
stopped,bundle,org.eclipse.tm.terminal.ssh,2.0.200.v201005271030,"org.eclipse.tm.terminal.ssh",1327388174245
stopped,bundle,org.eclipse.ui.cheatsheets,3.4.0.v20100427,"org.eclipse.ui.cheatsheets",1327388174245
stopped,bundle,org.eclipse.team.cvs.ui,3.3.302.R36x_v20110203-1036,"org.eclipse.team.cvs.ui",1327388174303
stopped,bundle,org.eclipse.ui.externaltools,3.2.0.v20100427,"org.eclipse.ui.externaltools",1327388174303
stopped,bundle,org.eclipse.debug.ui,3.6.3.v20101201_r362,"org.eclipse.debug.ui",1327388174303
stopped,bundle,org.eclipse.ui.console,3.5.0.v20100526,"org.eclipse.ui.console",1327388174303
stopped,bundle,org.eclipse.hyades.probekit,4.3.2.v201101271120,"org.eclipse.hyades.probekit",1327388174303
stopped,bundle,org.eclipse.team.ui,3.5.102.R36x_v20110203-1036,"org.eclipse.team.ui",1327388174348
stopped,bundle,org.eclipse.compare,3.5.101.R36x_v20100929-0800,"org.eclipse.compare",1327388174348
stopped,bundle,org.eclipse.mylyn.commons.ui,3.6.1.v20110720-0100,"org.eclipse.mylyn.commons.ui",1327388174348
stopped,bundle,org.eclipse.mylyn.wikitext.ui,1.5.0.v20110608-1400,"org.eclipse.mylyn.wikitext.ui",1327388174348
stopped,bundle,org.eclipse.ui.editors,3.6.1.r361_v20100825-0800,"org.eclipse.ui.editors",1327388174348
stopped,bundle,org.eclipse.epp.usagedata.ui,1.3.1.R201102081640,"org.eclipse.epp.usagedata.ui",1327388174348
stopped,bundle,org.eclipse.ui.intro.universal,3.2.402.r36_v20100702,"org.eclipse.ui.intro.universal",1327388174348
stopped,bundle,org.eclipse.ui.intro,3.4.0.v20100427,"org.eclipse.ui.intro",1327388174349
stopped,bundle,org.eclipse.ui.views.properties.tabbed,3.5.100.I20100509-0800,"org.eclipse.ui.views.properties.tabbed",1327388174349
stopped,bundle,org.eclipse.update.scheduler,3.2.300.v20100512,"org.eclipse.update.scheduler",1327388174349
stopped,bundle,org.eclipse.update.ui,3.2.300.v20100512,"org.eclipse.update.ui",1327388174349
stopped,bundle,org.eclipse.help.ui,3.5.3.r36_20101116,"org.eclipse.help.ui",1327388174349
stopped,bundle,org.eclipse.rse.ui,3.1.102.R32x_v201102011435,"org.eclipse.rse.ui",1327388174349
stopped,bundle,org.eclipse.wst.ws.explorer,1.0.508.v201103082027,"org.eclipse.wst.ws.explorer",1327388174349
stopped,bundle,org.eclipse.wst.ws.ui,1.1.200.v201004211805,"org.eclipse.wst.ws.ui",1327388174349
stopped,bundle,org.eclipse.wst.command.env.ui,1.1.3.v201004211805,"org.eclipse.wst.command.env.ui",1327388174349
stopped,bundle,org.eclipse.wst.validation.ui,1.2.205.v201109151453,"org.eclipse.wst.validation.ui",1327388174349
stopped,bundle,org.eclipse.wst.common.frameworks.ui,1.2.0.v201004080500,"org.eclipse.wst.common.frameworks.ui",1327388174349
stopped,bundle,org.eclipse.wst.xsl.jaxp.launching,1.0.100.v201004290328,"org.eclipse.wst.xsl.jaxp.launching",1327388174349
stopped,bundle,org.eclipse.wst.xsl.launching,1.0.100.v201004290328,"org.eclipse.wst.xsl.launching",1327388174349
stopped,bundle,org.eclipse.ui.views.log,1.0.100.v20110210_r362,"org.eclipse.ui.views.log",1327388174349
stopped,bundle,org.eclipse.tptp.platform.common.ui.trace,4.4.2.v201101211050,"org.eclipse.tptp.platform.common.ui.trace",1327388174349
stopped,bundle,org.eclipse.tptp.platform.common.ui,4.4.301.v201012081900,"org.eclipse.tptp.platform.common.ui",1327388174349
stopped,bundle,org.eclipse.wst.common.modulecore.ui,1.0.5.v201109140400,"org.eclipse.wst.common.modulecore.ui",1327388174349
stopped,bundle,org.eclipse.wst.common.project.facet.ui,1.4.104.v201110061300,"org.eclipse.wst.common.project.facet.ui",1327388174349
stopped,bundle,org.eclipse.wst.internet.monitor.ui,1.0.407.v20110817_1649,"org.eclipse.wst.internet.monitor.ui",1327388174349
stopped,bundle,org.eclipse.ui.ide,3.6.2.M20101201-0800,"org.eclipse.ui.ide",1327388174393
stopped,bundle,org.eclipse.wst.ws.service.policy.ui,1.0.203.v201109140236,"org.eclipse.wst.ws.service.policy.ui",1327388174393
stopped,bundle,org.eclipse.ui.forms,3.5.2.r36_v20100702,"org.eclipse.ui.forms",1327388174393
stopped,bundle,org.eclipse.ui.navigator,3.5.0.I20100601-0800,"org.eclipse.ui.navigator",1327388174393
activated,perspective,org.eclipse.jst.j2ee.ui,,"org.eclipse.jst.j2ee.J2EEPerspective",1327388209586
started,bundle,org.eclipse.osgi,3.6.2.R36x_v20110210,"org.eclipse.osgi",1327388209588
started,bundle,org.eclipse.equinox.simpleconfigurator,1.0.200.v20100503,"org.eclipse.equinox.simpleconfigurator",1327388209588
started,bundle,com.ibm.icu,4.2.1.v20100412,"com.ibm.icu",1327388209588
started,bundle,org.eclipse.core.contenttype,3.4.100.v20100505-1235,"org.eclipse.core.contenttype",1327388209588
started,bundle,org.eclipse.core.databinding.observable,1.3.0.I20100601-0800,"org.eclipse.core.databinding.observable",1327388209588
started,bundle,org.eclipse.core.expressions,3.4.200.v20100505,"org.eclipse.core.expressions",1327388209588
started,bundle,org.eclipse.core.filebuffers,3.5.100.v20100520-0800,"org.eclipse.core.filebuffers",1327388209588
started,bundle,org.eclipse.core.filesystem,1.3.1.R36x_v20100727-0745,"org.eclipse.core.filesystem",1327388209588
started,bundle,org.eclipse.core.jobs,3.5.1.R36x_v20100824,"org.eclipse.core.jobs",1327388209588
started,bundle,org.eclipse.core.net,1.2.100.I20100511-0800,"org.eclipse.core.net",1327388209588
started,bundle,org.eclipse.core.runtime,3.6.0.v20100505,"org.eclipse.core.runtime",1327388209588
started,bundle,org.eclipse.core.runtime.compatibility,3.2.100.v20100505,"org.eclipse.core.runtime.compatibility",1327388209588
started,bundle,org.eclipse.core.runtime.compatibility.auth,3.2.200.v20100517,"org.eclipse.core.runtime.compatibility.auth",1327388209588
started,bundle,org.eclipse.emf.common,2.6.0.v20100914-1218,"org.eclipse.emf.common",1327388209588
started,bundle,org.eclipse.emf.common.ui,2.6.0.v20100914-1218,"org.eclipse.emf.common.ui",1327388209588
started,bundle,org.eclipse.emf.ecore,2.6.1.v20100914-1218,"org.eclipse.emf.ecore",1327388209588
started,bundle,org.eclipse.emf.ecore.xmi,2.5.0.v20100521-1846,"org.eclipse.emf.ecore.xmi",1327388209588
started,bundle,org.eclipse.emf.edit,2.6.0.v20100914-1218,"org.eclipse.emf.edit",1327388209588
started,bundle,org.eclipse.emf.edit.ui,2.6.0.v20100914-1218,"org.eclipse.emf.edit.ui",1327388209588
started,bundle,org.eclipse.equinox.app,1.3.1.R36x_v20100803,"org.eclipse.equinox.app",1327388209588
started,bundle,org.eclipse.equinox.common,3.6.0.v20100503,"org.eclipse.equinox.common",1327388209588
started,bundle,org.eclipse.equinox.ds,1.2.1.R36x_v20100803,"org.eclipse.equinox.ds",1327388209588
started,bundle,org.eclipse.equinox.event,1.2.0.v20100503,"org.eclipse.equinox.event",1327388209588
started,bundle,org.eclipse.equinox.p2.artifact.repository,1.1.1.R36x_v20100901,"org.eclipse.equinox.p2.artifact.repository",1327388209588
started,bundle,org.eclipse.equinox.p2.extensionlocation,1.2.0.v20100518,"org.eclipse.equinox.p2.extensionlocation",1327388209588
started,bundle,org.eclipse.equinox.p2.metadata.repository,1.1.0.v20100513,"org.eclipse.equinox.p2.metadata.repository",1327388209588
started,bundle,org.eclipse.equinox.p2.operations,2.0.0.v20100510,"org.eclipse.equinox.p2.operations",1327388209588
started,bundle,org.eclipse.equinox.p2.publisher,1.1.2.v20100824-2220,"org.eclipse.equinox.p2.publisher",1327388209588
started,bundle,org.eclipse.equinox.p2.ui.sdk.scheduler,1.0.0.v20100507-1815,"org.eclipse.equinox.p2.ui.sdk.scheduler",1327388209588
started,bundle,org.eclipse.equinox.p2.updatechecker,1.1.101.R36x_v20100823,"org.eclipse.equinox.p2.updatechecker",1327388209588
started,bundle,org.eclipse.equinox.preferences,3.3.0.v20100503,"org.eclipse.equinox.preferences",1327388209588
started,bundle,org.eclipse.equinox.registry,3.5.0.v20100503,"org.eclipse.equinox.registry",1327388209588
started,bundle,org.eclipse.equinox.security,1.0.200.v20100503,"org.eclipse.equinox.security",1327388209588
started,bundle,org.eclipse.equinox.util,1.0.200.v20100503,"org.eclipse.equinox.util",1327388209588
started,bundle,org.eclipse.help,3.5.0.v20100524,"org.eclipse.help",1327388209588
started,bundle,org.eclipse.jdt.core.manipulation,1.3.0.v20100520-0800,"org.eclipse.jdt.core.manipulation",1327388209588
started,bundle,org.eclipse.jsch.core,1.1.200.I20100505-1245,"org.eclipse.jsch.core",1327388209588
started,bundle,org.eclipse.jst.common.project.facet.core,1.4.102.v201008182136,"org.eclipse.jst.common.project.facet.core",1327388209588
started,bundle,org.eclipse.jst.j2ee.webservice,1.1.400.v201004110600,"org.eclipse.jst.j2ee.webservice",1327388209588
started,bundle,org.eclipse.jst.j2ee.webservice.ui,1.1.400.v201004110600,"org.eclipse.jst.j2ee.webservice.ui",1327388209588
started,bundle,org.eclipse.jst.ws.jaxws.utils,1.0.0.v201004171919,"org.eclipse.jst.ws.jaxws.utils",1327388209588
started,bundle,org.eclipse.search,3.6.0.v20100520-0800,"org.eclipse.search",1327388209588
started,bundle,org.eclipse.ui.console,3.5.0.v20100526,"org.eclipse.ui.console",1327388209588
started,bundle,org.eclipse.ui.editors,3.6.1.r361_v20100825-0800,"org.eclipse.ui.editors",1327388209588
started,bundle,org.eclipse.ui.forms,3.5.2.r36_v20100702,"org.eclipse.ui.forms",1327388209588
started,bundle,org.eclipse.ui.navigator,3.5.0.I20100601-0800,"org.eclipse.ui.navigator",1327388209588
started,bundle,org.eclipse.ui.net,1.2.100.I20100505-1245,"org.eclipse.ui.net",1327388209588
started,bundle,org.eclipse.ui.workbench.texteditor,3.6.1.r361_v20100714-0800,"org.eclipse.ui.workbench.texteditor",1327388209588
started,bundle,org.eclipse.update.configurator,3.3.100.v20100512,"org.eclipse.update.configurator",1327388209588
started,bundle,org.eclipse.update.core,3.2.402.R36x_v20100629,"org.eclipse.update.core",1327388209588
started,bundle,org.eclipse.update.scheduler,3.2.300.v20100512,"org.eclipse.update.scheduler",1327388209588
started,bundle,org.eclipse.wst.common.project.facet.core,1.4.102.v201008170019,"org.eclipse.wst.common.project.facet.core",1327388209588
started,bundle,org.eclipse.epp.usagedata.gathering,1.3.1.R201102081640,"org.eclipse.epp.usagedata.gathering",1327388209588
started,bundle,org.eclipse.epp.usagedata.recording,1.3.1.R201102081640,"org.eclipse.epp.usagedata.recording",1327388209588
started,bundle,org.eclipse.jem.util,2.1.3.v201012070000,"org.eclipse.jem.util",1327388209588
started,bundle,org.eclipse.wst.common.emf,1.2.3.v201012100400,"org.eclipse.wst.common.emf",1327388209588
started,bundle,com.springsource.repository,2.0.0.RELEASE,"com.springsource.repository",1327388209588
started,bundle,com.springsource.sts.content.core,2.6.0.201103161000-RELEASE,"com.springsource.sts.content.core",1327388209588
started,bundle,com.springsource.sts.core,2.6.0.201103161000-RELEASE,"com.springsource.sts.core",1327388209588
started,bundle,com.springsource.sts.ide.configurator,2.6.0.201103161000-RELEASE,"com.springsource.sts.ide.configurator",1327388209588
started,bundle,com.springsource.sts.ide.help,2.6.0.201103161000-RELEASE,"com.springsource.sts.ide.help",1327388209588
started,bundle,com.springsource.sts.ide.ui,2.6.0.201103161000-RELEASE,"com.springsource.sts.ide.ui",1327388209588
started,bundle,com.springsource.sts.roo.ui,2.6.0.201103161000-RELEASE,"com.springsource.sts.roo.ui",1327388209588
started,bundle,com.springsource.sts.server.insight.ui,2.6.0.201103161000-RELEASE,"com.springsource.sts.server.insight.ui",1327388209588
started,bundle,com.springsource.sts.ui,2.6.0.201103161000-RELEASE,"com.springsource.sts.ui",1327388209588
started,bundle,com.springsource.sts.wizard,2.6.0.201103161000-RELEASE,"com.springsource.sts.wizard",1327388209588
started,bundle,org.eclipse.contribution.weaving.jdt,2.1.2.e36x-20110307-1000,"org.eclipse.contribution.weaving.jdt",1327388209588
started,bundle,org.eclipse.equinox.weaving.aspectj,1.0.0.v20100108,"org.eclipse.equinox.weaving.aspectj",1327388209588
started,bundle,org.eclipse.equinox.weaving.caching,1.0.0.v20100108,"org.eclipse.equinox.weaving.caching",1327388209588
started,bundle,org.eclipse.equinox.weaving.caching.j9,1.0.0.v20100108,"org.eclipse.equinox.weaving.caching.j9",1327388209588
started,bundle,org.eclipse.team.cvs.core,3.3.301.R36x_v20110119-0815,"org.eclipse.team.cvs.core",1327388209588
started,bundle,org.eclipse.team.cvs.ui,3.3.302.R36x_v20110203-1036,"org.eclipse.team.cvs.ui",1327388209588
started,bundle,org.springframework.ide.eclipse.aop.core,2.6.0.201103160035-RELEASE,"org.springframework.ide.eclipse.aop.core",1327388209588
started,bundle,org.springframework.ide.eclipse.aop.ui,2.6.0.201103160035-RELEASE,"org.springframework.ide.eclipse.aop.ui",1327388209588
started,bundle,org.springframework.ide.eclipse.beans.ui,2.6.0.201103160035-RELEASE,"org.springframework.ide.eclipse.beans.ui",1327388209588
started,bundle,org.springframework.ide.eclipse.osgi.targetdefinition,2.6.0.201103160035-RELEASE,"org.springframework.ide.eclipse.osgi.targetdefinition",1327388209588
started,bundle,org.springframework.ide.eclipse.ui,2.6.0.201103160035-RELEASE,"org.springframework.ide.eclipse.ui",1327388209588
started,bundle,org.springframework.ide.eclipse.beans.core,2.6.0.201104111100-PATCH,"org.springframework.ide.eclipse.beans.core",1327388209588
started,bundle,org.springframework.ide.eclipse.core,2.6.0.201104111100-PATCH,"org.springframework.ide.eclipse.core",1327388209588
started,bundle,org.springframework.ide.eclipse.uaa,2.6.0.201104111100-PATCH,"org.springframework.ide.eclipse.uaa",1327388209588
started,bundle,com.google.gdt.eclipse.core,2.5.1.v201201120043-rel-r36,"com.google.gdt.eclipse.core",1327388209588
started,bundle,com.google.gdt.eclipse.login,2.5.1.v201201120043-rel-r36,"com.google.gdt.eclipse.login",1327388209589
started,bundle,com.google.gdt.eclipse.managedapis,2.5.1.v201201120043-rel-r36,"com.google.gdt.eclipse.managedapis",1327388209589
started,bundle,com.google.gdt.eclipse.suite.ext,2.5.1.v201201120043-rel-r36,"com.google.gdt.eclipse.suite.ext",1327388209589
started,bundle,org.eclipse.core.resources,3.6.1.R36x_v20110131-1630,"org.eclipse.core.resources",1327388209589
started,bundle,org.eclipse.ecf,3.1.0.v20100906-1425,"org.eclipse.ecf",1327388209589
started,bundle,org.eclipse.ecf.filetransfer,4.0.0.v20100906-1425,"org.eclipse.ecf.filetransfer",1327388209589
started,bundle,org.eclipse.ecf.identity,3.1.0.v20100906-1425,"org.eclipse.ecf.identity",1327388209589
started,bundle,org.eclipse.ecf.provider.filetransfer,3.1.0.v20100906-1425,"org.eclipse.ecf.provider.filetransfer",1327388209589
started,bundle,org.eclipse.ecf.provider.filetransfer.httpclient,4.0.0.v20100906-1425,"org.eclipse.ecf.provider.filetransfer.httpclient",1327388209589
started,bundle,org.eclipse.equinox.p2.core,2.0.3.R36x_v20110111,"org.eclipse.equinox.p2.core",1327388209589
started,bundle,org.eclipse.equinox.p2.director,2.0.3.R36x_v20101117-1018,"org.eclipse.equinox.p2.director",1327388209589
started,bundle,org.eclipse.equinox.p2.directorywatcher,1.0.203.R36x_v20101220,"org.eclipse.equinox.p2.directorywatcher",1327388209589
started,bundle,org.eclipse.equinox.p2.engine,2.0.1.R36x_v20110201,"org.eclipse.equinox.p2.engine",1327388209589
started,bundle,org.eclipse.equinox.p2.metadata,2.0.1.R36x_v20101202,"org.eclipse.equinox.p2.metadata",1327388209589
started,bundle,org.eclipse.equinox.p2.reconciler.dropins,1.1.2.R36x_v20110114,"org.eclipse.equinox.p2.reconciler.dropins",1327388209589
started,bundle,org.eclipse.equinox.p2.repository,2.0.2.R36x_v20110111-1500,"org.eclipse.equinox.p2.repository",1327388209589
started,bundle,org.eclipse.equinox.p2.touchpoint.eclipse,2.0.3.R36x_v20101202,"org.eclipse.equinox.p2.touchpoint.eclipse",1327388209589
started,bundle,org.eclipse.jdt.core,3.6.2.v_A76_R36x,"org.eclipse.jdt.core",1327388209589
started,bundle,org.eclipse.jdt.ui,3.6.2.r362_v20110203,"org.eclipse.jdt.ui",1327388209589
started,bundle,org.eclipse.jface,3.6.2.M20110210-1200,"org.eclipse.jface",1327388209589
started,bundle,org.eclipse.jst.ws.jaxrs.core,1.0.202.v201108180247,"org.eclipse.jst.ws.jaxrs.core",1327388209589
started,bundle,org.eclipse.mylyn.bugzilla.core,3.6.4.v20111106-0100,"org.eclipse.mylyn.bugzilla.core",1327388209589
started,bundle,org.eclipse.mylyn.bugzilla.ui,3.6.0.v20110608-1400,"org.eclipse.mylyn.bugzilla.ui",1327388209589
started,bundle,org.eclipse.mylyn.commons.identity,0.8.0.v20110608-1400,"org.eclipse.mylyn.commons.identity",1327388209589
started,bundle,org.eclipse.mylyn.commons.net,3.6.0.v20110608-1400,"org.eclipse.mylyn.commons.net",1327388209589
started,bundle,org.eclipse.mylyn.commons.ui,3.6.1.v20110720-0100,"org.eclipse.mylyn.commons.ui",1327388209589
started,bundle,org.eclipse.mylyn.context.core,3.6.1.v20110720-0100,"org.eclipse.mylyn.context.core",1327388209589
started,bundle,org.eclipse.mylyn.context.ui,3.6.0.v20110608-1400,"org.eclipse.mylyn.context.ui",1327388209589
started,bundle,org.eclipse.mylyn.monitor.ui,3.6.0.v20110608-1400,"org.eclipse.mylyn.monitor.ui",1327388209589
started,bundle,org.eclipse.mylyn.tasks.ui,3.6.4.v20111117-0100,"org.eclipse.mylyn.tasks.ui",1327388209589
started,bundle,org.eclipse.mylyn.team.ui,3.6.1.v20110825-0100,"org.eclipse.mylyn.team.ui",1327388209589
started,bundle,org.eclipse.team.core,3.5.101.R36x_v20110203-1036,"org.eclipse.team.core",1327388209590
started,bundle,org.eclipse.team.ui,3.5.102.R36x_v20110203-1036,"org.eclipse.team.ui",1327388209590
started,bundle,org.eclipse.ui,3.6.2.M20110203-1100,"org.eclipse.ui",1327388209590
started,bundle,org.eclipse.ui.ide,3.6.2.M20101201-0800,"org.eclipse.ui.ide",1327388209590
started,bundle,org.eclipse.ui.navigator.resources,3.4.202.M20101124-0800,"org.eclipse.ui.navigator.resources",1327388209590
started,bundle,org.eclipse.ui.views,3.5.1.M20110202-0800,"org.eclipse.ui.views",1327388209590
started,bundle,org.eclipse.ui.workbench,3.6.2.M20110210-1200,"org.eclipse.ui.workbench",1327388209590
started,bundle,org.eclipse.wst.common.emfworkbench.integration,1.2.4.v201106210700,"org.eclipse.wst.common.emfworkbench.integration",1327388209590
started,bundle,org.eclipse.wst.common.frameworks,1.2.1.v201107271600,"org.eclipse.wst.common.frameworks",1327388209590
started,bundle,org.eclipse.wst.web,1.1.403.v201103081400,"org.eclipse.wst.web",1327388209590
os,sysinfo,,,"linux",1327388209597
arch,sysinfo,,,"x86_64",1327388209597
ws,sysinfo,,,"gtk",1327388209597
locale,sysinfo,,,"en_US",1327388209597
processors,sysinfo,,,"4",1327388209597
java.runtime.name,sysinfo,,,"OpenJDK Runtime Environment",1327388209597
java.runtime.version,sysinfo,,,"1.6.0_23-b23",1327388209597
java.specification.name,sysinfo,,,"Java Platform API Specification",1327388209597
java.specification.vendor,sysinfo,,,"Sun Microsystems Inc.",1327388209597
java.specification.version,sysinfo,,,"1.6",1327388209597
java.vendor,sysinfo,,,"Sun Microsystems Inc.",1327388209597
java.version,sysinfo,,,"1.6.0_23",1327388209597
java.vm.info,sysinfo,,,"mixed mode",1327388209597
java.vm.name,sysinfo,,,"OpenJDK 64-Bit Server VM",1327388209597
java.vm.specification.name,sysinfo,,,"Java Virtual Machine Specification",1327388209597
java.vm.specification.vendor,sysinfo,,,"Sun Microsystems Inc.",1327388209597
java.vm.specification.version,sysinfo,,,"1.0",1327388209597
java.vm.vendor,sysinfo,,,"Sun Microsystems Inc.",1327388209597
java.vm.version,sysinfo,,,"20.0-b11",1327388209597
started,bundle,org.eclipse.equinox.p2.ui,2.0.0.v20100518,"org.eclipse.equinox.p2.ui",1327388209920
started,bundle,org.eclipse.equinox.p2.ui.sdk,1.0.100.v20100513,"org.eclipse.equinox.p2.ui.sdk",1327388209938
started,bundle,com.springsource.sts,2.6.0.201103161000-RELEASE,"com.springsource.sts",1327388209939
started,bundle,org.eclipse.wst.sse.core,1.1.506.v201110201853,"org.eclipse.wst.sse.core",1327388210072
started,bundle,org.eclipse.wst.server.core,1.1.208.v20111005_1734,"org.eclipse.wst.server.core",1327388211459
started,bundle,org.eclipse.wst.server.ui,1.1.209.v20111005_1716,"org.eclipse.wst.server.ui",1327388212356
activated,workbench,org.eclipse.ui.workbench,3.6.2.M20110210-1200,"",1327388212769
started,bundle,com.springsource.sts.maven,2.6.0.201103161000-RELEASE,"com.springsource.sts.maven",1327388225251
started,bundle,org.eclipse.jst.server.tomcat.core,1.1.205.v20111005,"org.eclipse.jst.server.tomcat.core",1327388225265
started,bundle,com.springsource.sts.roo.core,2.6.0.201103161000-RELEASE,"com.springsource.sts.roo.core",1327388225272
activated,view,org.eclipse.ui.navigator.resources,3.4.202.M20101124-0800,"org.eclipse.ui.navigator.ProjectExplorer",1327388236125
closed,editor,com.springsource.sts.ide.ui,2.6.0.201103161000-RELEASE,"com.springsource.sts.internal.ide.ui.editors.MultiPageDashboardEditor",1327388236128
started,bundle,org.eclipse.ui.browser,3.3.1.r36_20101216,"org.eclipse.ui.browser",1327388236136
started,bundle,com.google.appengine.eclipse.core,2.5.1.v201201120043-rel-r36,"com.google.appengine.eclipse.core",1327388238648
started,bundle,org.eclipse.debug.core,3.6.0.v20100519,"org.eclipse.debug.core",1327388239343
started,bundle,org.eclipse.jdt.launching,3.5.200.v20110105_r362,"org.eclipse.jdt.launching",1327388239374
started,bundle,com.google.gdt.eclipse.platform.shared,2.5.1.v201201120043-rel-r36,"com.google.gdt.eclipse.platform.shared",1327388239509
started,bundle,com.google.gdt.eclipse.platform.e36,2.5.1.v201201120043-rel-r36,"com.google.gdt.eclipse.platform.e36",1327388239510
started,bundle,com.google.gwt.eclipse.core,2.5.1.v201201120043-rel-r36,"com.google.gwt.eclipse.core",1327388239689
started,bundle,com.google.gdt.eclipse.suite,2.5.1.v201201120043-rel-r36,"com.google.gdt.eclipse.suite",1327388240241
executed,command,com.google.gdt.eclipse.suite,2.5.1.v201201120043-rel-r36,"com.google.gdt.eclipse.suite.GDTPulldown",1327388240244
started,bundle,com.google.gdt.eclipse.platform,2.5.1.v201201120043-rel-r36,"com.google.gdt.eclipse.platform",1327388247295
deactivated,workbench,org.eclipse.ui.workbench,3.6.2.M20110210-1200,"",1327388247466
started,bundle,org.eclipse.debug.ui,3.6.3.v20101201_r362,"org.eclipse.debug.ui",1327388315219
started,bundle,org.aspectj.ajde,1.6.11.20110304135300,"org.aspectj.ajde",1327388318499
started,bundle,org.eclipse.ajdt.core,2.1.2.e36x-20110307-1000,"org.eclipse.ajdt.core",1327388318754
started,bundle,com.google.gdt.eclipse.maven,2.5.1.v201201120043-rel-r36,"com.google.gdt.eclipse.maven",1327388320456
started,bundle,org.eclipse.jdt.junit.core,3.6.1.r361_v20100825-0800,"org.eclipse.jdt.junit.core",1327388322632
started,bundle,org.eclipse.mylyn.ide.ui,3.6.0.v20110608-1400,"org.eclipse.mylyn.ide.ui",1327388323708
started,bundle,org.eclipse.ajdt.ui,2.1.2.e36x-20110307-1000,"org.eclipse.ajdt.ui",1327388324195
started,bundle,org.eclipse.core.variables,3.2.400.v20100505,"org.eclipse.core.variables",1327388324219
started,bundle,org.eclipse.pde.launching,3.6.0.v20100601,"org.eclipse.pde.launching",1327388324698
started,bundle,org.eclipse.ui.views.log,1.0.100.v20110210_r362,"org.eclipse.ui.views.log",1327388324778
started,bundle,org.eclipse.pde.ui,3.6.1.v20110210_r362,"org.eclipse.pde.ui",1327388324846
started,bundle,com.springsource.sts.config.ui,2.6.0.201103161000-RELEASE,"com.springsource.sts.config.ui",1327388325100
started,bundle,org.eclipse.wst.xml.core,1.1.505.v201109271810,"org.eclipse.wst.xml.core",1327388325793
started,bundle,org.eclipse.wst.common.uriresolver,1.1.401.v201004280700,"org.eclipse.wst.common.uriresolver",1327388326058
started,bundle,org.eclipse.jst.servlet.ui,1.1.406.v201109140400,"org.eclipse.jst.servlet.ui",1327388328004
started,bundle,org.eclipse.wst.common.core,1.2.0.v200908252030,"org.eclipse.wst.common.core",1327388328568
started,bundle,org.eclipse.wst.common.modulecore,1.2.7.v201110060300,"org.eclipse.wst.common.modulecore",1327388328573
started,bundle,org.eclipse.jst.j2ee.core,1.2.7.v201110060300,"org.eclipse.jst.j2ee.core",1327388328770
started,bundle,com.springsource.sts.quickfix,2.6.0.201103161000-RELEASE,"com.springsource.sts.quickfix",1327388328802
started,bundle,org.eclipse.jem,2.0.402.v201106132000,"org.eclipse.jem",1327388329077
started,bundle,com.google.gdt.eclipse.appengine.rpc,2.5.1.v201201120043-rel-r36,"com.google.gdt.eclipse.appengine.rpc",1327388329358
started,bundle,org.eclipse.jdt.apt.pluggable.core,1.0.301.R36_v20100727-0110,"org.eclipse.jdt.apt.pluggable.core",1327388329582
started,bundle,org.eclipse.wst.common.frameworks.ui,1.2.0.v201004080500,"org.eclipse.wst.common.frameworks.ui",1327388330067
started,bundle,org.eclipse.wst.validation,1.2.204.v201109220700,"org.eclipse.wst.validation",1327388330427
started,bundle,org.eclipse.jdt.apt.core,3.3.402.R36_v20110120-1000,"org.eclipse.jdt.apt.core",1327388330668
started,bundle,org.eclipse.jst.j2ee,1.1.406.v201110130300,"org.eclipse.jst.j2ee",1327388331480
started,bundle,org.eclipse.jst.jee.ui,1.0.305.v201105110300,"org.eclipse.jst.jee.ui",1327388331481
started,bundle,org.eclipse.jst.j2ee.ui,1.1.406.v201110060300,"org.eclipse.jst.j2ee.ui",1327388333355
started,bundle,org.eclipse.jst.j2ee.navigator.ui,1.1.404.v201106290200,"org.eclipse.jst.j2ee.navigator.ui",1327388333377
executed,command,com.google.gdt.eclipse.suite,2.5.1.v201201120043-rel-r36,"com.google.gdt.eclipse.suite.newWebAppProject",1327388336464
started,bundle,com.springsource.server.ide.manifest.core,2.6.0.201103161000-RELEASE,"com.springsource.server.ide.manifest.core",1327388336979
started,bundle,com.springsource.server.ide.facet.core,2.6.0.201103161000-RELEASE,"com.springsource.server.ide.facet.core",1327388337139
started,bundle,org.springframework.ide.eclipse.webflow.ui,2.6.0.201103160035-RELEASE,"org.springframework.ide.eclipse.webflow.ui",1327388338908
started,bundle,org.springframework.ide.eclipse.webflow.core,2.6.0.201103160035-RELEASE,"org.springframework.ide.eclipse.webflow.core",1327388339253
started,bundle,org.eclipse.jst.jee,1.0.303.v201103311600,"org.eclipse.jst.jee",1327388339509
